insert into bands(id, name) values
(1, 'Architects'),
(2, 'Bring Me The Horizon'),
(3, 'Jane Air'),
(4, 'Limp Bizkit'),
(5, 'LSP'),
(6, 'Pharaoh'),
(7, 'Story of The year'),
(8, 'Wildways');

insert into genre(id, name) values
(1, 'Post-hardcore'),
(2, 'Emo'),
(3, 'Nu-metal'),
(4, 'Hip-hop'),
(5, 'Rapcore'),
(6, 'Pop-punk'),
(7, 'Alternative rock'),
(8, 'Metalcore');

insert into genre_band values 
(1, 1),
(1, 2),
(2, 3),
(2, 7),
(3, 4),
(3, 8),
(4, 4),
(4, 5),
(4, 6),
(5, 4),
(6, 7),
(7, 1),
(7, 2),
(7, 3),
(7, 4),
(7, 7),
(7, 8),
(8, 1),
(8, 2),
(8, 8);

insert into album (id, name, year) values
(1, 'The Here And Now', 2011),
(2, 'Lost Forever // Lost Together', 2014),
(3, 'All Our Gods Have Abandoded Us', 2016),
(4, 'Holy Hell', 2017),
(5, 'For Those That Wish To Exist', 2020),
(6, 'the classic symptoms of a broken spirit', 2022),
(7, 'Sempiternal', 2013),
(8, 'That’s The Spirit', 2015),
(9, 'amo', 2019),
(10, 'POST HUMAN: SURVIVAL HORROR', 2020),
(11, 'Pull Ya? Let It Doll Go', 2002),
(12, 'Jane Air', 2004),
(13, 'Pere-Lachaise Любовь и немного смерти', 2006),
(14, 'Sex & Violence', 2007),
(15, 'Weekend Warriors', 2010),
(16, 'Иллюзия полёта', 2012),
(17, 'Чёрная гавань', 2015),
(18, 'Миелофон', 2022),
(19, 'Three Dollar Bill, Yall$', 1997),
(20, 'Significant Other', 1999),
(21, 'Chocolate Starfish and the Hot Dog Flavored Water', 2000),
(22, 'Results May Vary', 2003),
(23, 'Gold Cobra', 2011),
(24, 'Still Sucks', 2021),
(25, 'ЁП', 2014),
(26, 'Виселицца', 2014),
(27, 'Magic City', 2015),
(28, 'Кондитерская', 2016),
(29, 'Tragic City', 2017),
(30, 'Свиное рыло', 2020),
(31, 'One More City', 2020),
(32, 'Правило', 2020),
(33, 'Million Dollar Depression', 2021),
(34, 'Page Avenue', 2003),
(35, 'In the Wake of Determination', 2005),
(36, 'The Black Swan', 2008),
(37, 'The Constant', 2010),
(38, 'Wolves', 2017),
(39, 'Into the Wild', 2016),
(40, 'Day X', 2018),
(41, 'Нью Скул', 2019),
(42, 'Anna', 2020);

insert into band_album values
(1, 1),
(2, 1),
(3, 1),
(4, 1),
(5, 1),
(6, 1),
(7, 2),
(8, 2),
(9, 2),
(10, 2),
(11, 3),
(12, 3),
(13, 3),
(14, 3),
(15, 3),
(16, 3),
(17, 3),
(18, 3),
(19, 4),
(20, 4),
(21, 4),
(22, 4),
(23, 4),
(24, 4),
(25, 5),
(26, 5),
(27, 5),
(28, 5),
(29, 5),
(30, 5),
(31, 5),
(28, 6),
(32, 6),
(33, 6),
(34, 7),
(35, 7),
(36, 7),
(37, 7),
(38, 7),
(39, 8),
(40, 8),
(41, 8),
(42, 8);

insert into songs(id, album_id, name, duration) values
(1, 6, 'a new moral low ground', 211),
(2, 5, 'Animals', 244),
(3, 4, 'Doomsday', 247),
(4, 7, 'Shadow Moses', 245),
(5, 9, 'Ludens', 280),
(6, 18, '16 тонн', 187),
(7, 12, 'Париж', 111),
(8, 15, 'Моя стая', 381),
(9, 11, 'Junk', 208),
(10, 21, 'Take A Look Around', 319),
(11, 24, 'Dad Vibes', 132),
(12, 21, 'My Way', 273),
(13, 28, 'Порнозвезда', 274),
(14, 27, 'Bullet', 235),
(15, 29, 'Лабиринт отражений', 178),
(16, 33, 'Эми', 205),
(17, 34, 'And the Hero Will Drown', 193),
(18, 38, 'Miracle', 231),
(19, 37, 'The Ghost Of You and I', 235),
(20, 42, 'ялюблютебя', 230),
(21, 41, 'Пvриж', 228),
(22, 40, 'Day X', 245),
(23, 40, 'Self Riot', 229),
(24, 40, 'Sky', 188);

insert into collection(id, name, year) values
(1, 'First one', 2015),
(2, 'Last one', 2015),
(3, 'The Best of', 2016),
(4, 'Old', 2017),
(5, 'Rare', 2018),
(6, 'I', 2019),
(7, 'Dont', 2020),
(8, 'Know', 2021),
(9, 'The end', 2022);


insert into song_collection values
(2, 1),
(5, 1),
(15, 2),
(12, 2),
(4, 3),
(5, 3),
(1, 4),
(11, 4),
(2, 5),
(9, 5),
(10, 6),
(7, 6),
(8, 7),
(6, 7),
(14, 8),
(13, 8);